
{
  "type": "array",
  "items": {
    "type": "object",
    "properties": {
      "_id": {
        "type": "string"
      },

      "subject": {
        "type": "string"
      },
      "body": {
        "type": "string"
      },
      "start": {
        "type": "string"
      },
      "end": {
        "type": "string"
      },
      "location": {
        "type": "string"
      },
      "attendees": {
        "type": ["string"]
        }
      ,
      "optionalAttendees": {
        "type": ["string"]
        }
      ,
      "required":["_id","subject","body",
        "start","end","attendees","optionalAttendees"]
    }

  }
}