
{
  "type": "array",
  "items": {
    "type": "object",
    "properties": {
      "_id": {
        "type": "string"
      },
      "organizer": {
        "type": "string"
      },
      "owner": {
        "type": "string"
      },
      "subject": {
        "type": "string"
      },
      "body": {
        "type": "string"
      },
      "start": {
        "type": "string"
      },
      "end": {
        "type": "string"
      },
      "rooms": {
        "type": ["string"]
        }
      ,
      "attendees": {
        "type": ["string"]
        }
      ,
      "optionalAttendees": {
        "type": ["string"]


      },
      "required":["_id","organizer","owner","subject","body",
        "start","end","rooms","attendees","optionalAttendees"]
    }

  }
}