{
  "type": "array",
  "items": {
    "type": "object",
    "properties": {
      "name": {
        "type": "string"
      },
      "email": {
        "type": "string"
      },
      "service": {
        "type": "string"
      },
      "uuid": {
        "type": "string"
      },
      "displayName": {
        "type": "string"
      },
      "_id": {
        "type": "string"
      },
      "__v": {
        "type": "string"
      },
      "location": {
        "type": "string"
      },
      "equipment": {
        "type": ["string"]

      },
      "required":["name","email","services","uuid",
        "displayName","_id","__v","location","equipment"]

    }

  }
}